{
  "1": {
    "Basic": {
      "case": 1,
      "degree": 9,
      "iteration": 1,
      "time": 95.10027775,
      "mre": 0.00016206886056202373
    },
    "Fast": {
      "case": 1,
      "degree": 6,
      "iteration": 3,
      "time": 92.66647076199999,
      "mre": 0.00027773034428578474
    }
  },
  "10": {
    "Basic": {
      "case": 0,
      "degree": 7,
      "iteration": 6,
      "time": 93.76867996,
      "mre": 3.844896503285046e-9
    }
  },
  "11": {
    "Basic": {
      "case": 0,
      "degree": 9,
      "iteration": 4,
      "time": 52.266907098,
      "mre": 6.839427470048718e-9
    }
  },
  "2": {
    "Basic": {
      "case": 1,
      "degree": 9,
      "iteration": 1,
      "time": 94.346561658,
      "mre": 0.0001621446373723386
    },
    "Fast": {
      "case": 1,
      "degree": 6,
      "iteration": 3,
      "time": 91.36427069,
      "mre": 0.0002788697026339359
    }
  },
  "3": {
    "Basic": {
      "case": 0,
      "degree": 7,
      "iteration": 4,
      "time": 180.220714598,
      "mre": 5.702538874672831e-7
    },
    "Fast": {
      "case": 1,
      "degree": 7,
      "iteration": 2,
      "time": 90.054959568,
      "mre": 0.0002666403160175759
    }
  },
  "4": {
    "Basic": {
      "case": 0,
      "degree": 7,
      "iteration": 4,
      "time": 180.956771625,
      "mre": 5.693500418173304e-7
    },
    "Fast": {
      "case": 1,
      "degree": 7,
      "iteration": 2,
      "time": 91.795106586,
      "mre": 0.0002662985523650969
    }
  },
  "5": {
    "Basic": {
      "case": 0,
      "degree": 7,
      "iteration": 4,
      "time": 176.995504041,
      "mre": 5.698204336749539e-7
    },
    "Fast": {
      "case": 1,
      "degree": 8,
      "iteration": 2,
      "time": 89.883741591,
      "mre": 0.000256311373643403
    }
  },
  "6": {
    "Basic": {
      "case": 0,
      "degree": 7,
      "iteration": 4,
      "time": 178.72229803,
      "mre": 5.691622326391141e-7
    },
    "Fast": {
      "case": 1,
      "degree": 7,
      "iteration": 2,
      "time": 90.28287361299999,
      "mre": 0.00026575952915193686
    }
  },
  "7": {
    "Basic": {
      "case": 0,
      "degree": 7,
      "iteration": 5,
      "time": 138.662802789,
      "mre": 6.812144809969844e-9
    },
    "Fast": {
      "case": 1,
      "degree": 6,
      "iteration": 3,
      "time": 88.54321416799999,
      "mre": 0.0002779431382936075
    }
  },
  "8": {
    "Basic": {
      "case": 0,
      "degree": 7,
      "iteration": 6,
      "time": 136.060414699,
      "mre": 3.844085407723129e-9
    },
    "Fast": {
      "case": 1,
      "degree": 8,
      "iteration": 2,
      "time": 90.19495279399999,
      "mre": 0.0002562599485502922
    }
  },
  "9": {
    "Basic": {
      "case": 0,
      "degree": 8,
      "iteration": 6,
      "time": 94.033434273,
      "mre": 6.812177468527912e-9
    },
    "Fast": {
      "case": 1,
      "degree": 9,
      "iteration": 1,
      "time": 91.299571369,
      "mre": 0.00016160388180305464
    }
  }
}