{
  "1": {
    "Basic": {
      "case": 1,
      "degree": 9,
      "iteration": 1,
      "time": 92.15310159399999,
      "mre": 0.00016153042801438024
    },
    "Fast": {
      "case": 1,
      "degree": 6,
      "iteration": 3,
      "time": 90.944216191,
      "mre": 0.00027796195059645807
    }
  },
  "10": {
    "Basic": {
      "case": 0,
      "degree": 7,
      "iteration": 6,
      "time": 92.454117388,
      "mre": 3.844888907195219e-9
    }
  },
  "11": {
    "Basic": {
      "case": 0,
      "degree": 9,
      "iteration": 4,
      "time": 52.261088845,
      "mre": 6.838575029500827e-9
    }
  },
  "2": {
    "Basic": {
      "case": 1,
      "degree": 9,
      "iteration": 1,
      "time": 91.471719638,
      "mre": 0.0001619869917130429
    },
    "Fast": {
      "case": 1,
      "degree": 7,
      "iteration": 2,
      "time": 89.18046290699999,
      "mre": 0.0002668343904092323
    }
  },
  "3": {
    "Basic": {
      "case": 0,
      "degree": 7,
      "iteration": 4,
      "time": 181.104518255,
      "mre": 5.702711435243772e-7
    },
    "Fast": {
      "case": 1,
      "degree": 7,
      "iteration": 2,
      "time": 88.945795609,
      "mre": 0.0002664625748649055
    }
  },
  "4": {
    "Basic": {
      "case": 0,
      "degree": 7,
      "iteration": 4,
      "time": 175.994670918,
      "mre": 5.693931627288519e-7
    },
    "Fast": {
      "case": 1,
      "degree": 7,
      "iteration": 2,
      "time": 89.619659507,
      "mre": 0.0002662160186250682
    }
  },
  "5": {
    "Basic": {
      "case": 0,
      "degree": 7,
      "iteration": 4,
      "time": 181.740121986,
      "mre": 5.698034460936294e-7
    },
    "Fast": {
      "case": 1,
      "degree": 7,
      "iteration": 2,
      "time": 90.257217829,
      "mre": 0.0002671043716028343
    }
  },
  "6": {
    "Basic": {
      "case": 0,
      "degree": 7,
      "iteration": 4,
      "time": 181.142498346,
      "mre": 5.691416352080725e-7
    },
    "Fast": {
      "case": 1,
      "degree": 6,
      "iteration": 3,
      "time": 91.55325697800001,
      "mre": 0.00027816731113368187
    }
  },
  "7": {
    "Basic": {
      "case": 0,
      "degree": 7,
      "iteration": 5,
      "time": 137.777257992,
      "mre": 6.812599830211029e-9
    },
    "Fast": {
      "case": 1,
      "degree": 6,
      "iteration": 3,
      "time": 89.353129105,
      "mre": 0.0002785619420255656
    }
  },
  "8": {
    "Basic": {
      "case": 0,
      "degree": 7,
      "iteration": 6,
      "time": 136.524469738,
      "mre": 3.842900429599068e-9
    },
    "Fast": {
      "case": 1,
      "degree": 6,
      "iteration": 3,
      "time": 89.87207208800001,
      "mre": 0.00027848344371893984
    }
  },
  "9": {
    "Basic": {
      "case": 0,
      "degree": 7,
      "iteration": 6,
      "time": 90.530724307,
      "mre": 6.812333780533488e-9
    }
  }
}